1,Steven,Baker
2,Amy,Rivera
3,Gary,Edwards
4,Carol,Hall
5,Ethan,Gonzalez
6,Joyce,Cooper
9,Justin,Sanchez
12,Shirley,Hughes
13,Dennis,Turner
14,Mary,Miller
15,Noah,Myers
17,Jacob,Miller
21,Nathan,Murphy
22,Emma,King
27,Christopher,Young
28,Cheryl,Robinson
30,Amy,Martinez
32,Katherine,Murphy
34,Madison,Bell
37,Alexander,Green
42,Melissa,Hill
45,Roger,Cook
53,Raymond,Campbell
55,Roger,Gomez
59,Albert,Jones
63,Nathan,Allen
65,Roger,Morris
68,Virginia,Wood
78,Carol,Hill
82,Elizabeth,Rodriguez
86,Carolyn,Cruz
87,Dylan,Reed
93,Roger,Williams
100,Catherine,Hall
102,Joan,Rogers
103,Walter,Cruz
104,Samantha,Cruz
105,Kyle,Brooks
106,Betty,Hernandez
114,Evelyn,Brooks
116,Teresa,Harris
119,Steven,Walker
122,Susan,Martin
126,Sandra,Murphy
128,Megan,Nelson
129,Alexander,Bell
136,Linda,Mitchell
137,Joshua,Thomas
138,Barbara,Myers
139,Justin,Davis
141,Benjamin,Mitchell
142,Karen,Taylor
146,Virginia,Hernandez
